{"cameraMode":{"drawMode":0,"name":"Shaded","section":"Shading Mode"},"sceneLighting":true,"audioPlay":false,"sceneViewState":{"m_AlwaysRefresh":false,"showFog":true,"showSkybox":true,"showFlares":true,"showImageEffects":true,"showParticleSystems":true,"showVisualEffectGraphs":true,"m_FxEnabled":true},"in2DMode":false,"pivot":{"x":114.51750183105469,"y":9.305000305175782,"z":-90.15499114990235},"rotation":{"x":0.38721659779548647,"y":0.10752888768911362,"z":-0.045567385852336887,"w":0.9146243929862976},"size":12.87053394317627,"orthographic":true}