{"cameraMode":{"drawMode":0,"name":"Shaded","section":"Shading Mode"},"sceneLighting":true,"audioPlay":false,"sceneViewState":{"m_AlwaysRefresh":false,"showFog":true,"showSkybox":true,"showFlares":true,"showImageEffects":true,"showParticleSystems":true,"showVisualEffectGraphs":true,"m_FxEnabled":true},"in2DMode":false,"pivot":{"x":-11.541772842407227,"y":4.943387985229492,"z":-43.607383728027347},"rotation":{"x":0.004358573351055384,"y":0.9953010678291321,"z":-0.08019303530454636,"w":0.05409439280629158},"size":9.135610580444336,"orthographic":true}