{"cameraMode":{"drawMode":0,"name":"Shaded","section":"Shading Mode"},"sceneLighting":true,"audioPlay":false,"sceneViewState":{"m_AlwaysRefresh":false,"showFog":true,"showSkybox":true,"showFlares":true,"showImageEffects":true,"showParticleSystems":true,"showVisualEffectGraphs":true,"m_FxEnabled":true},"in2DMode":false,"pivot":{"x":0.06799998134374619,"y":6.863570213317871,"z":0.57276451587677},"rotation":{"x":-0.05742424353957176,"y":-0.6129698157310486,"z":0.04480568319559097,"w":-0.7867944836616516},"size":11.786640167236329,"orthographic":true}