{"cameraMode":{"drawMode":0,"name":"Shaded","section":"Shading Mode"},"sceneLighting":true,"audioPlay":false,"sceneViewState":{"m_AlwaysRefresh":false,"showFog":true,"showSkybox":true,"showFlares":true,"showImageEffects":true,"showParticleSystems":true,"showVisualEffectGraphs":true,"m_FxEnabled":true},"in2DMode":false,"pivot":{"x":0.01399993896484375,"y":6.775999069213867,"z":0.3578000068664551},"rotation":{"x":0.0987301915884018,"y":-0.13914471864700318,"z":0.014254731126129628,"w":0.9854466319084168},"size":33.7414665222168,"orthographic":true}